Workbook

Sheet original
A1: Click on the unit name for its home page | B1: [Gender] | C1: ALL AGES | D1: Both | E1: Males and | F1: Under | G1: 5-- | H1: 10-- | I1: 15-- | J1: 20-- | K1: 25-- | L1: 30-- | M1: 35-- | N1: 40-- | O1: 45-- | P1: 50-- | Q1: 55-- | R1: 60-- | S1: 65-- | T1: 70-- | U1: 75-- | V1: 80-- | W1: 85-- | X1: 90-- | Y1: 95-- | Z1: 100 and upwds
D2: Sexes. | E2: Females. | F2: 5 Years. | G2: [4] | H2: [5] | I2: [6] | J2: [7] | K2: [8] | L2: [9] | M2: [10] | N2: [11] | O2: [12] | P2: [13] | Q2: [14] | R2: [15] | S2: [16] | T2: [17] | U2: [18] | V2: [19] | W2: [20] | X2: [21] | Y2: [22] | Z2: [23]
A3: If | D3: [1] | E3: [2] | F3: [3]
A4: appears click for more detailed statistics
A9: #VALUE!
A16: England Country Total | C16: M. | D16: 16,738,693 | E16: 8,186,432 | F16: 1,097,843 | G16: 977,548 | H16: 897,780 | I16: 813,884 | J16: 741,867 | K16: 653,224 | L16: 577,125 | M16: 496,789 | N16: 443,503 | O16: 367,476 | P16: 323,381 | Q16: 237,153 | R16: 211,152 | S16: 140,741 | T16: 106,363 | U16: 59,831 | V16: 28,888 | W16: 9,414 | X16: 2,010 | Y16: 390 | Z16: 70
C17: F. | D17: - | E17: 8,552,261 | F17: 1,094,404 | G17: 970,692 | H17: 885,089 | I17: 826,538 | J17: 817,923 | K17: 724,953 | L17: 618,997 | M17: 521,386 | N17: 464,467 | O17: 380,793 | P17: 340,083 | Q17: 252,887 | R17: 236,051 | S17: 162,968 | T17: 125,084 | U17: 74,242 | V17: 37,964 | W17: 13,411 | X17: 3,464 | Y17: 759 | Z17: 106
A18: Bedfordshire Poor Law/Registration County | B18: #VALUE! | C18: M. | D18: 129,805 | E18: 62,539 | F18: 9,165 | G18: 8,214 | H18: 7,233 | I18: 6,393 | J18: 5,155 | K18: 4,565 | L18: 4,021 | M18: 3,577 | N18: 3,086 | O18: 2,753 | P18: 2,456 | Q18: 1,801 | R18: 1,575 | S18: 969 | T18: 753 | U18: 503 | V18: 242 | W18: 64 | X18: 14 | Y18: 0 | Z18: 0
C19: F. | D19: - | E19: 67,266 | F19: 9,189 | G19: 8,075 | H19: 7,338 | I19: 7,169 | J19: 6,266 | K19: 5,448 | L19: 4,624 | M19: 3,803 | N19: 3,358 | O19: 2,725 | P19: 2,493 | Q19: 1,993 | R19: 1,833 | S19: 1,176 | T19: 891 | U19: 531 | V19: 266 | W19: 65 | X19: 20 | Y19: 3 | Z19: 0
A20: Berkshire Poor Law/Registration County | B20: #VALUE! | C20: M. | D20: 199,224 | E20: 99,486 | F20: 12,888 | G20: 12,119 | H20: 11,149 | I20: 10,135 | J20: 8,313 | K20: 7,208 | L20: 6,374 | M20: 5,892 | N20: 5,228 | O20: 4,536 | P20: 4,145 | Q20: 3,243 | R20: 2,913 | S20: 1,964 | T20: 1,637 | U20: 973 | V20: 538 | W20: 181 | X20: 45 | Y20: 5 | Z20: 0
C21: F. | D21: - | E21: 99,738 | F21: 12,784 | G21: 12,140 | H21: 10,628 | I21: 9,364 | J21: 8,546 | K21: 7,673 | L21: 6,642 | M21: 5,960 | N21: 5,283 | O21: 4,464 | P21: 4,022 | Q21: 3,244 | R21: 2,989 | S21: 2,210 | T21: 1,861 | U21: 1,083 | V21: 580 | W21: 195 | X21: 58 | Y21: 10 | Z21: 2
A22: Buckinghamshire Poor Law/Registration County | B22: #VALUE! | C22: M. | D22: 143,655 | E22: 70,928 | F22: 9,891 | G22: 8,837 | H22: 8,170 | I22: 7,312 | J22: 5,576 | K22: 4,932 | L22: 4,277 | M22: 4,086 | N22: 3,573 | O22: 3,189 | P22: 2,895 | Q22: 2,227 | R22: 2,151 | S22: 1,486 | T22: 1,194 | U22: 667 | V22: 326 | W22: 115 | X22: 19 | Y22: 5 | Z22: 0
C23: F. | D23: - | E23: 72,727 | F23: 9,716 | G23: 8,738 | H23: 7,736 | I23: 6,685 | J23: 6,181 | K23: 5,575 | L23: 4,702 | M23: 4,313 | N23: 3,802 | O23: 3,263 | P23: 3,060 | Q23: 2,363 | R23: 2,366 | S23: 1,631 | T23: 1,314 | U23: 781 | V23: 358 | W23: 112 | X23: 22 | Y23: 9 | Z23: 0
A24: Cambridgeshire Poor Law/Registration County | B24: #VALUE! | C24: M. | D24: 191,894 | E24: 95,704 | F24: 13,120 | G24: 12,071 | H24: 10,453 | I24: 9,922 | J24: 8,959 | K24: 7,185 | L24: 6,409 | M24: 5,353 | N24: 4,669 | O24: 4,228 | P24: 3,827 | Q24: 2,840 | R24: 2,685 | S24: 1,583 | T24: 1,123 | U24: 772 | V24: 357 | W24: 117 | X24: 25 | Y24: 6 | Z24: 0
C25: F. | D25: - | E25: 96,190 | F25: 12,979 | G25: 11,819 | H25: 10,446 | I25: 9,497 | J25: 8,719 | K25: 7,605 | L25: 6,565 | M25: 5,636 | N25: 4,774 | O25: 4,075 | P25: 3,727 | Q25: 2,919 | R25: 2,764 | S25: 1,676 | T25: 1,336 | U25: 950 | V25: 485 | W25: 166 | X25: 39 | Y25: 11 | Z25: 2
A26: Cheshire Poor Law/Registration County | B26: #VALUE! | C26: M. | D26: 423,526 | E26: 207,008 | F26: 27,723 | G26: 24,973 | H26: 23,335 | I26: 20,877 | J26: 18,830 | K26: 16,820 | L26: 14,775 | M26: 12,645 | N26: 11,283 | O26: 9,316 | P26: 8,079 | Q26: 5,491 | R26: 5,020 | S26: 3,218 | T26: 2,407 | U26: 1,390 | V26: 581 | W26: 194 | X26: 44 | Y26: 7 | Z26: 0
C27: F. | D27: - | E27: 216,518 | F27: 27,553 | G27: 24,662 | H27: 23,258 | I27: 22,132 | J27: 21,846 | K27: 18,941 | L27: 15,646 | M27: 12,919 | N27: 11,662 | O27: 9,387 | P27: 8,133 | Q27: 5,976 | R27: 5,490 | S27: 3,698 | T27: 2,675 | U27: 1,467 | V27: 744 | W27: 242 | X27: 77 | Y27: 8 | Z27: 2
A28: Cornwall Poor Law/Registration County | B28: #VALUE! | C28: M. | D28: 356,641 | E28: 172,193 | F28: 24,308 | G28: 23,518 | H28: 20,605 | I28: 18,553 | J28: 14,567 | K28: 11,915 | L28: 9,977 | M28: 8,992 | N28: 8,223 | O28: 7,433 | P28: 6,578 | Q28: 5,259 | R28: 4,388 | S28: 3,167 | T28: 2,423 | U28: 1,378 | V28: 659 | W28: 198 | X28: 41 | Y28: 11 | Z28: 0
C29: F. | D29: - | E29: 184,448 | F29: 23,541 | G29: 22,611 | H29: 20,184 | I29: 18,442 | J29: 16,341 | K29: 13,854 | L29: 11,603 | M29: 10,213 | N29: 9,283 | O29: 8,266 | P29: 7,576 | Q29: 6,156 | R29: 5,452 | S29: 4,156 | T29: 3,235 | U29: 1,976 | V29: 1,029 | W29: 426 | X29: 85 | Y29: 16 | Z29: 3
A30: County Durham Poor Law/Registration County | B30: #VALUE! | C30: M. | D30: 411,679 | E30: 207,088 | F30: 30,220 | G30: 25,427 | H30: 22,818 | I30: 20,552 | J30: 19,836 | K30: 17,311 | L30: 14,977 | M30: 12,445 | N30: 10,713 | O30: 8,611 | P30: 7,416 | Q30: 5,134 | R30: 4,450 | S30: 2,966 | T30: 2,113 | U30: 1,193 | V30: 661 | W30: 187 | X30: 41 | Y30: 14 | Z30: 3
C31: F. | D31: - | E31: 204,591 | F31: 29,708 | G31: 24,635 | H31: 22,073 | I31: 19,608 | J31: 18,842 | K31: 16,944 | L31: 14,294 | M31: 12,048 | N31: 10,577 | O31: 8,648 | P31: 7,510 | Q31: 5,492 | R31: 4,901 | S31: 3,571 | T31: 2,620 | U31: 1,744 | V31: 897 | W31: 349 | X31: 98 | Y31: 26 | Z31: 6
A32: Cumberland Poor Law/Registration County | B32: #VALUE! | C32: M. | D32: 195,492 | E32: 96,244 | F32: 12,707 | G32: 11,314 | H32: 10,981 | I32: 9,835 | J32: 8,507 | K32: 7,346 | L32: 6,284 | M32: 5,642 | N32: 5,042 | O32: 4,163 | P32: 3,837 | Q32: 2,963 | R32: 2,799 | S32: 1,944 | T32: 1,430 | U32: 818 | V32: 447 | W32: 140 | X32: 36 | Y32: 6 | Z32: 3
C33: F. | D33: - | E33: 99,248 | F33: 12,385 | G33: 11,348 | H33: 10,412 | I33: 9,602 | J33: 9,008 | K33: 7,920 | L33: 6,697 | M33: 5,871 | N33: 5,295 | O33: 4,345 | P33: 4,140 | Q33: 3,194 | R33: 2,996 | S33: 2,336 | T33: 1,797 | U33: 1,072 | V33: 531 | W33: 228 | X33: 57 | Y33: 14 | Z33: 0
A34: Derbyshire Poor Law/Registration County | B34: #VALUE! | C34: M. | D34: 260,693 | E34: 129,501 | F34: 16,685 | G34: 15,642 | H34: 14,582 | I34: 13,237 | J34: 11,687 | K34: 9,930 | L34: 8,492 | M34: 7,684 | N34: 6,938 | O34: 6,053 | P34: 5,306 | Q34: 3,969 | R34: 3,486 | S34: 2,459 | T34: 1,706 | U34: 948 | V34: 495 | W34: 165 | X34: 31 | Y34: 5 | Z34: 1
C35: F. | D35: - | E35: 131,192 | F35: 16,966 | G35: 15,352 | H35: 14,668 | I35: 12,993 | J35: 12,012 | K35: 10,639 | L35: 8,827 | M35: 7,597 | N35: 7,139 | O35: 5,950 | P35: 5,299 | Q35: 4,070 | R35: 3,484 | S35: 2,605 | T35: 1,863 | U35: 1,038 | V35: 471 | W35: 177 | X35: 31 | Y35: 10 | Z35: 1
A36: Devon Poor Law/Registration County | B36: #VALUE! | C36: M. | D36: 572,330 | E36: 272,063 | F36: 35,766 | G36: 33,687 | H36: 30,084 | I36: 27,190 | J36: 22,496 | K36: 19,501 | L36: 17,324 | M36: 15,488 | N36: 14,119 | O36: 12,238 | P36: 11,142 | Q36: 9,086 | R36: 8,648 | S36: 6,152 | T36: 4,540 | U36: 2,682 | V36: 1,320 | W36: 477 | X36: 98 | Y36: 23 | Z36: 2
C37: F. | D37: - | E37: 300,267 | F37: 35,565 | G37: 33,248 | H37: 29,627 | I37: 28,456 | J37: 27,383 | K37: 24,168 | L37: 20,876 | M37: 18,074 | N37: 16,169 | O37: 13,978 | P37: 12,703 | Q37: 10,214 | R37: 10,225 | S37: 7,592 | T37: 5,601 | U37: 3,481 | V37: 1,919 | W37: 735 | X37: 196 | Y37: 52 | Z37: 5
A38: Dorset Poor Law/Registration County | B38: #VALUE! | C38: M. | D38: 177,095 | E38: 85,828 | F38: 11,407 | G38: 10,626 | H38: 9,751 | I38: 9,018 | J38: 7,154 | K38: 5,961 | L38: 5,329 | M38: 4,774 | N38: 4,606 | O38: 3,745 | P38: 3,538 | Q38: 2,649 | R38: 2,391 | S38: 1,827 | T38: 1,564 | U38: 875 | V38: 424 | W38: 155 | X38: 30 | Y38: 4 | Z38: 0
C39: F. | D39: - | E39: 91,267 | F39: 11,478 | G39: 10,661 | H39: 9,428 | I39: 9,114 | J39: 8,120 | K39: 6,932 | L39: 5,931 | M39: 5,265 | N39: 4,930 | O39: 4,119 | P39: 3,736 | Q39: 2,950 | R39: 2,830 | S39: 2,208 | T39: 1,757 | U39: 1,028 | V39: 533 | W39: 182 | X39: 45 | Y39: 17 | Z39: 3
A40: East Riding Poor Law/Registration County | B40: #VALUE! | C40: M. | D40: 254,352 | E40: 124,572 | F40: 16,130 | G40: 14,355 | H40: 12,836 | I40: 12,577 | J40: 11,455 | K40: 10,190 | L40: 9,200 | M40: 7,831 | N40: 6,757 | O40: 5,633 | P40: 4,974 | Q40: 3,635 | R40: 3,202 | S40: 2,304 | T40: 1,742 | U40: 1,052 | V40: 500 | W40: 163 | X40: 31 | Y40: 3 | Z40: 2
C41: F. | D41: - | E41: 129,780 | F41: 15,994 | G41: 14,294 | H41: 12,871 | I41: 12,623 | J41: 12,488 | K41: 10,913 | L41: 9,372 | M41: 7,945 | N41: 7,211 | O41: 5,921 | P41: 5,437 | Q41: 4,060 | R41: 3,660 | S41: 2,694 | T41: 2,070 | U41: 1,270 | V41: 663 | W41: 233 | X41: 52 | Y41: 7 | Z41: 2
A42: Essex Poor Law/Registration County | B42: #VALUE! | C42: M. | D42: 344,130 | E42: 172,717 | F42: 23,375 | G42: 21,861 | H42: 19,261 | I42: 16,653 | J42: 14,642 | K42: 12,377 | L42: 11,538 | M42: 10,037 | N42: 9,127 | O42: 7,619 | P42: 7,033 | Q42: 5,444 | R42: 5,208 | S42: 3,352 | T42: 2,519 | U42: 1,574 | V42: 775 | W42: 260 | X42: 49 | Y42: 10 | Z42: 3
C43: F. | D43: - | E43: 171,413 | F43: 23,412 | G43: 21,317 | H43: 18,909 | I43: 15,497 | J43: 14,694 | K43: 13,205 | L43: 11,705 | M43: 9,970 | N43: 8,812 | O43: 7,412 | P43: 6,746 | Q43: 5,417 | R43: 5,211 | S43: 3,494 | T43: 2,608 | U43: 1,684 | V43: 896 | W43: 335 | X43: 76 | Y43: 13 | Z43: 0
A44: Gloucestershire Poor Law/Registration County | B44: #VALUE! | C44: M. | D44: 419,514 | E44: 198,569 | F44: 25,892 | G44: 23,939 | H44: 21,712 | I44: 19,706 | J44: 17,025 | K44: 14,630 | L44: 13,351 | M44: 11,621 | N44: 11,006 | O44: 9,364 | P44: 8,482 | Q44: 6,121 | R44: 5,796 | S44: 3,712 | T44: 3,207 | U44: 1,758 | V44: 877 | W44: 276 | X44: 75 | Y44: 15 | Z44: 4
C45: F. | D45: - | E45: 220,945 | F45: 25,549 | G45: 24,055 | H45: 21,380 | I45: 21,279 | J45: 21,724 | K45: 18,586 | L45: 15,826 | M45: 13,458 | N45: 12,646 | O45: 10,049 | P45: 9,510 | Q45: 7,059 | R45: 6,746 | S45: 4,808 | T45: 4,065 | U45: 2,351 | V45: 1,210 | W45: 462 | X45: 144 | Y45: 36 | Z45: 2
A46: Hampshire Poor Law/Registration County | B46: #VALUE! | C46: M. | D46: 402,016 | E46: 200,301 | F46: 26,138 | G46: 23,618 | H46: 20,902 | I46: 20,045 | J46: 18,523 | K46: 16,164 | L46: 14,164 | M46: 11,965 | N46: 10,472 | O46: 8,606 | P46: 7,666 | Q46: 6,095 | R46: 5,723 | S46: 4,122 | T46: 3,115 | U46: 1,767 | V46: 844 | W46: 288 | X46: 70 | Y46: 12 | Z46: 2
C47: F. | D47: - | E47: 201,715 | F47: 26,124 | G47: 23,234 | H47: 20,456 | I47: 18,866 | J47: 18,382 | K47: 16,871 | L47: 14,551 | M47: 12,445 | N47: 10,748 | O47: 8,850 | P47: 8,173 | Q47: 6,213 | R47: 6,052 | S47: 4,166 | T47: 3,186 | U47: 1,935 | V47: 996 | W47: 349 | X47: 96 | Y47: 21 | Z47: 1
A48: Herefordshire Poor Law/Registration County | B48: #VALUE! | C48: M. | D48: 99,120 | E48: 49,809 | F48: 6,000 | G48: 5,773 | H48: 5,172 | I48: 4,803 | J48: 4,077 | K48: 3,466 | L48: 3,242 | M48: 2,976 | N48: 2,884 | O48: 2,523 | P48: 2,193 | Q48: 1,807 | R48: 1,696 | S48: 1,168 | T48: 1,015 | U48: 602 | V48: 280 | W48: 113 | X48: 16 | Y48: 3 | Z48: 0
C49: F. | D49: - | E49: 49,311 | F49: 5,906 | G49: 5,589 | H49: 5,134 | I49: 4,423 | J49: 4,046 | K49: 3,597 | L49: 3,247 | M49: 2,904 | N49: 2,718 | O49: 2,334 | P49: 2,235 | Q49: 1,673 | R49: 1,741 | S49: 1,330 | T49: 1,111 | U49: 695 | V49: 415 | W49: 143 | X49: 56 | Y49: 14 | Z49: 0
A50: Hertfordshire Poor Law/Registration County | B50: #VALUE! | C50: M. | D50: 173,962 | E50: 86,465 | F50: 11,730 | G50: 10,979 | H50: 9,867 | I50: 8,805 | J50: 7,459 | K50: 6,325 | L50: 5,530 | M50: 4,990 | N50: 4,528 | O50: 3,816 | P50: 3,431 | Q50: 2,652 | R50: 2,318 | S50: 1,591 | T50: 1,302 | U50: 666 | V50: 330 | W50: 116 | X50: 27 | Y50: 3 | Z50: 0
C51: F. | D51: - | E51: 87,497 | F51: 11,892 | G51: 10,699 | H51: 9,495 | I51: 8,343 | J51: 7,423 | K51: 6,723 | L51: 6,026 | M51: 5,175 | N51: 4,720 | O51: 3,839 | P51: 3,427 | Q51: 2,706 | R51: 2,516 | S51: 1,734 | T51: 1,360 | U51: 815 | V51: 427 | W51: 144 | X51: 25 | Y51: 7 | Z51: 1
A52: Huntingdonshire Poor Law/Registration County | B52: #VALUE! | C52: M. | D52: 60,319 | E52: 30,024 | F52: 4,235 | G52: 3,882 | H52: 3,452 | I52: 3,006 | J52: 2,449 | K52: 2,240 | L52: 1,934 | M52: 1,771 | N52: 1,447 | O52: 1,295 | P52: 1,210 | Q52: 966 | R52: 818 | S52: 507 | T52: 380 | U52: 272 | V52: 114 | W52: 39 | X52: 4 | Y52: 3 | Z52: 0
C53: F. | D53: - | E53: 30,295 | F53: 4,210 | G53: 3,921 | H53: 3,438 | I53: 2,915 | J53: 2,544 | K53: 2,291 | L53: 2,019 | M53: 1,673 | N53: 1,465 | O53: 1,293 | P53: 1,189 | Q53: 951 | R53: 890 | S53: 582 | T53: 404 | U53: 283 | V53: 158 | W53: 57 | X53: 12 | Y53: 0 | Z53: 0
A54: Kent Poor Law/Registration County | B54: #VALUE! | C54: M. | D54: 485,021 | E54: 242,282 | F54: 31,973 | G54: 29,135 | H54: 26,880 | I54: 24,490 | J54: 21,732 | K54: 18,101 | L54: 16,394 | M54: 14,393 | N54: 12,728 | O54: 10,706 | P54: 9,588 | Q54: 7,432 | R54: 6,781 | S54: 4,859 | T54: 3,500 | U54: 2,160 | V54: 995 | W54: 344 | X54: 71 | Y54: 17 | Z54: 3
C55: F. | D55: - | E55: 242,739 | F55: 31,870 | G55: 28,700 | H55: 26,103 | I55: 22,575 | J55: 21,869 | K55: 19,118 | L55: 16,815 | M55: 14,740 | N55: 12,831 | O55: 10,850 | P55: 9,747 | Q55: 7,443 | R55: 7,054 | S55: 4,972 | T55: 3,849 | U55: 2,377 | V55: 1,253 | W55: 426 | X55: 121 | Y55: 25 | Z55: 1
A56: Lancashire Poor Law/Registration County | B56: #VALUE! | C56: M. | D56: 2,067,301 | E56: 1,008,824 | F56: 137,948 | G56: 117,774 | H56: 110,776 | I56: 103,251 | J56: 98,965 | K56: 88,424 | L56: 76,307 | M56: 63,582 | N56: 57,370 | O56: 44,393 | P56: 37,064 | Q56: 23,991 | R56: 20,386 | S56: 12,685 | T56: 8,955 | U56: 4,351 | V56: 1,880 | W56: 578 | X56: 107 | Y56: 30 | Z56: 7
C57: F. | D57: - | E57: 1,058,477 | F57: 138,274 | G57: 117,993 | H57: 110,370 | I57: 108,098 | J57: 111,598 | K57: 97,409 | L57: 81,901 | M57: 65,990 | N57: 59,361 | O57: 45,748 | P57: 37,856 | Q57: 25,831 | R57: 23,366 | S57: 15,034 | T57: 10,465 | U57: 5,615 | V57: 2,531 | W57: 789 | X57: 191 | Y57: 46 | Z57: 11
A58: Leicestershire Poor Law/Registration County | B58: #VALUE! | C58: M. | D58: 234,957 | E58: 115,451 | F58: 15,601 | G58: 13,941 | H58: 12,854 | I58: 11,495 | J58: 9,812 | K58: 8,298 | L58: 7,533 | M58: 6,522 | N58: 6,002 | O58: 5,368 | P58: 4,867 | Q58: 3,869 | R58: 3,395 | S58: 2,244 | T58: 1,876 | U58: 1,061 | V58: 528 | W58: 149 | X58: 30 | Y58: 6 | Z58: 0
C59: F. | D59: - | E59: 119,506 | F59: 15,442 | G59: 13,710 | H59: 12,760 | I59: 11,729 | J59: 11,030 | K59: 9,512 | L59: 8,039 | M59: 7,009 | N59: 6,228 | O59: 5,333 | P59: 4,957 | Q59: 3,835 | R59: 3,480 | S59: 2,530 | T59: 1,968 | U59: 1,177 | V59: 552 | W59: 173 | X59: 35 | Y59: 7 | Z59: 0
A60: Lincolnshire Poor Law/Registration County | B60: #VALUE! | C60: M. | D60: 400,236 | E60: 201,416 | F60: 26,782 | G60: 25,201 | H60: 22,319 | I60: 20,244 | J60: 16,925 | K60: 15,533 | L60: 13,747 | M60: 11,691 | N60: 10,368 | O60: 9,129 | P60: 8,018 | Q60: 6,448 | R60: 5,586 | S60: 3,580 | T60: 2,787 | U60: 1,771 | V60: 917 | W60: 291 | X60: 70 | Y60: 8 | Z60: 1
C61: F. | D61: - | E61: 198,820 | F61: 26,726 | G61: 24,733 | H61: 21,743 | I61: 19,259 | J61: 17,360 | K61: 15,479 | L61: 13,211 | M61: 11,511 | N61: 9,952 | O61: 8,814 | P61: 7,847 | Q61: 6,003 | R61: 5,616 | S61: 3,834 | T61: 3,056 | U61: 2,086 | V61: 1,097 | W61: 381 | X61: 96 | Y61: 15 | Z61: 1
A62: London Poor Law/Registration County | B62: #VALUE! | C62: M. | D62: 2,362,236 | E62: 1,106,558 | F62: 146,449 | G62: 121,254 | H62: 107,231 | I62: 99,079 | J62: 108,081 | K62: 101,886 | L62: 93,308 | M62: 77,028 | N62: 67,463 | O62: 51,592 | P62: 44,467 | Q62: 28,639 | R62: 25,531 | S62: 15,645 | T62: 10,715 | U62: 5,128 | V62: 2,221 | W62: 623 | X62: 170 | Y62: 38 | Z62: 10
C63: F. | D63: - | E63: 1,255,678 | F63: 147,113 | G63: 122,394 | H63: 109,138 | I63: 114,615 | J63: 133,320 | K63: 124,746 | L63: 108,183 | M63: 87,560 | N63: 76,898 | O63: 58,834 | P63: 53,470 | Q63: 35,264 | R63: 33,512 | S63: 20,795 | T63: 15,453 | U63: 8,346 | V63: 4,150 | W63: 1,402 | X63: 383 | Y63: 85 | Z63: 17
A64: Middlesex Poor Law/Registration County | B64: #VALUE! | C64: M. | D64: 150,606 | E64: 73,331 | F64: 9,456 | G64: 8,976 | H64: 8,665 | I64: 6,886 | J64: 6,053 | K64: 5,634 | L64: 4,950 | M64: 4,432 | N64: 4,025 | O64: 3,425 | P64: 3,122 | Q64: 2,263 | R64: 2,113 | S64: 1,368 | T64: 1,037 | U64: 558 | V64: 262 | W64: 87 | X64: 15 | Y64: 4 | Z64: 0
C65: F. | D65: - | E65: 77,275 | F65: 9,155 | G65: 8,769 | H65: 7,876 | I65: 6,633 | J65: 7,127 | K65: 6,418 | L65: 5,761 | M65: 4,922 | N65: 4,409 | O65: 3,712 | P65: 3,357 | Q65: 2,534 | R65: 2,388 | S65: 1,552 | T65: 1,305 | U65: 747 | V65: 400 | W65: 159 | X65: 43 | Y65: 8 | Z65: 0
A66: Norfolk Poor Law/Registration County | B66: #VALUE! | C66: M. | D66: 433,716 | E66: 210,759 | F66: 27,557 | G66: 25,439 | H66: 23,311 | I66: 21,015 | J66: 17,448 | K66: 15,339 | L66: 13,450 | M66: 11,710 | N66: 10,793 | O66: 9,859 | P66: 9,227 | Q66: 7,197 | R66: 6,526 | S66: 4,134 | T66: 3,502 | U66: 2,488 | V66: 1,234 | W66: 413 | X66: 99 | Y66: 14 | Z66: 4
C67: F. | D67: - | E67: 222,957 | F67: 27,654 | G67: 25,428 | H67: 22,821 | I67: 20,987 | J67: 20,068 | K67: 17,963 | L67: 15,264 | M67: 12,638 | N67: 11,508 | O67: 10,236 | P67: 9,361 | Q67: 7,426 | R67: 6,908 | S67: 5,020 | T67: 4,271 | U67: 3,009 | V67: 1,598 | W67: 615 | X67: 141 | Y67: 38 | Z67: 3
A68: Northamptonshire Poor Law/Registration County | B68: #VALUE! | C68: M. | D68: 213,844 | E68: 106,747 | F68: 14,084 | G68: 12,861 | H68: 11,691 | I68: 10,629 | J68: 9,494 | K68: 8,271 | L68: 7,313 | M68: 6,318 | N68: 5,463 | O68: 4,786 | P68: 4,235 | Q68: 3,460 | R68: 2,978 | S68: 1,998 | T68: 1,640 | U68: 908 | V68: 446 | W68: 142 | X68: 27 | Y68: 2 | Z68: 1
C69: F. | D69: - | E69: 107,097 | F69: 14,403 | G69: 12,878 | H69: 11,538 | I69: 10,025 | J69: 9,517 | K69: 8,331 | L69: 7,327 | M69: 6,222 | N69: 5,436 | O69: 4,860 | P69: 4,281 | Q69: 3,371 | R69: 3,268 | S69: 2,250 | T69: 1,662 | U69: 1,013 | V69: 492 | W69: 171 | X69: 45 | Y69: 7 | Z69: 0
A70: North Riding Poor Law/Registration County | B70: #VALUE! | C70: M. | D70: 194,644 | E70: 96,620 | F70: 12,765 | G70: 11,611 | H70: 10,653 | I70: 9,345 | J70: 7,867 | K70: 6,903 | L70: 6,299 | M70: 5,502 | N70: 4,799 | O70: 4,269 | P70: 4,071 | Q70: 3,323 | R70: 3,101 | S70: 2,342 | T70: 1,774 | U70: 1,164 | V70: 564 | W70: 215 | X70: 43 | Y70: 7 | Z70: 3
C71: F. | D71: - | E71: 98,024 | F71: 12,717 | G71: 11,310 | H71: 10,136 | I71: 8,948 | J71: 8,312 | K71: 7,385 | L71: 6,297 | M71: 5,633 | N71: 4,991 | O71: 4,454 | P71: 4,086 | Q71: 3,400 | R71: 3,299 | S71: 2,569 | T71: 2,034 | U71: 1,340 | V71: 735 | W71: 278 | X71: 82 | Y71: 15 | Z71: 3
A72: Northumberland Poor Law/Registration County | B72: #VALUE! | C72: M. | D72: 303,566 | E72: 149,515 | F72: 20,703 | G72: 17,730 | H72: 15,951 | I72: 14,669 | J72: 14,112 | K72: 12,292 | L72: 10,842 | M72: 9,039 | N72: 7,957 | O72: 6,398 | P72: 5,718 | Q72: 4,165 | R72: 3,604 | S72: 2,626 | T72: 1,862 | U72: 1,019 | V72: 549 | W72: 211 | X72: 51 | Y72: 12 | Z72: 5
C73: F. | D73: - | E73: 154,051 | F73: 20,070 | G73: 17,359 | H73: 15,906 | I73: 15,028 | J73: 14,486 | K73: 12,928 | L73: 10,830 | M73: 9,256 | N73: 8,149 | O73: 6,775 | P73: 6,171 | Q73: 4,616 | R73: 4,303 | S73: 3,166 | T73: 2,455 | U73: 1,437 | V73: 739 | W73: 274 | X73: 78 | Y73: 16 | Z73: 9
A74: Nottinghamshire Poor Law/Registration County | B74: #VALUE! | C74: M. | D74: 294,380 | E74: 144,600 | F74: 18,726 | G74: 17,353 | H74: 16,064 | I74: 14,820 | J74: 12,808 | K74: 10,732 | L74: 9,256 | M74: 8,359 | N74: 7,865 | O74: 6,973 | P74: 6,004 | Q74: 4,628 | R74: 3,981 | S74: 2,745 | T74: 2,175 | U74: 1,295 | V74: 583 | W74: 187 | X74: 38 | Y74: 6 | Z74: 2
C75: F. | D75: - | E75: 149,780 | F75: 18,694 | G75: 17,245 | H75: 16,212 | I75: 15,069 | J75: 14,180 | K75: 11,920 | L75: 9,926 | M75: 8,881 | N75: 8,165 | O75: 6,914 | P75: 6,111 | Q75: 4,664 | R75: 4,182 | S75: 3,012 | T75: 2,334 | U75: 1,349 | V75: 643 | W75: 210 | X75: 53 | Y75: 16 | Z75: 0
A76: Oxfordshire Poor Law/Registration County | B76: #VALUE! | C76: M. | D76: 170,247 | E76: 85,550 | F76: 11,169 | G76: 10,380 | H76: 9,337 | I76: 8,813 | J76: 7,718 | K76: 6,026 | L76: 5,385 | M76: 4,871 | N76: 4,499 | O76: 3,913 | P76: 3,481 | Q76: 2,761 | R76: 2,476 | S76: 1,854 | T76: 1,457 | U76: 821 | V76: 420 | W76: 127 | X76: 36 | Y76: 5 | Z76: 1
C77: F. | D77: - | E77: 84,697 | F77: 11,063 | G77: 10,068 | H77: 9,110 | I77: 8,055 | J77: 7,398 | K77: 6,508 | L77: 5,652 | M77: 4,896 | N77: 4,547 | O77: 3,783 | P77: 3,399 | Q77: 2,719 | R77: 2,626 | S77: 1,824 | T77: 1,515 | U77: 914 | V77: 419 | W77: 159 | X77: 36 | Y77: 5 | Z77: 1
A78: Rutland Poor Law/Registration County | B78: #VALUE! | C78: M. | D78: 24,272 | E78: 12,286 | F78: 1,556 | G78: 1,466 | H78: 1,415 | I78: 1,250 | J78: 1,014 | K78: 891 | L78: 792 | M78: 673 | N78: 643 | O78: 589 | P78: 504 | Q78: 465 | R78: 355 | S78: 224 | T78: 209 | U78: 151 | V78: 64 | W78: 22 | X78: 3 | Y78: 0 | Z78: 0
C79: F. | D79: - | E79: 11,986 | F79: 1,464 | G79: 1,457 | H79: 1,285 | I79: 1,119 | J79: 1,038 | K79: 939 | L79: 751 | M79: 662 | N79: 619 | O79: 606 | P79: 516 | Q79: 412 | R79: 385 | S79: 270 | T79: 210 | U79: 151 | V79: 71 | W79: 27 | X79: 3 | Y79: 1 | Z79: 0
A80: Shropshire Poor Law/Registration County | B80: #VALUE! | C80: M. | D80: 244,898 | E80: 122,297 | F80: 14,984 | G80: 14,566 | H80: 13,730 | I80: 12,235 | J80: 10,377 | K80: 8,852 | L80: 7,798 | M80: 7,047 | N80: 6,726 | O80: 5,822 | P80: 5,304 | Q80: 4,153 | R80: 3,808 | S80: 2,570 | T80: 2,174 | U80: 1,239 | V80: 669 | W80: 191 | X80: 42 | Y80: 9 | Z80: 1
C81: F. | D81: - | E81: 122,601 | F81: 15,290 | G81: 14,411 | H81: 13,360 | I81: 11,631 | J81: 10,487 | K81: 9,038 | L81: 7,754 | M81: 7,055 | N81: 6,598 | O81: 5,681 | P81: 5,257 | Q81: 4,066 | R81: 3,977 | S81: 2,758 | T81: 2,444 | U81: 1,559 | V81: 842 | W81: 293 | X81: 70 | Y81: 29 | Z81: 1
A82: Somerset Poor Law/Registration County | B82: #VALUE! | C82: M. | D82: 456,259 | E82: 217,050 | F82: 28,916 | G82: 27,415 | H82: 25,112 | I82: 21,791 | J82: 17,306 | K82: 14,447 | L82: 13,580 | M82: 12,001 | N82: 11,493 | O82: 9,788 | P82: 9,219 | Q82: 7,155 | R82: 6,696 | S82: 4,688 | T82: 3,691 | U82: 2,132 | V82: 1,129 | W82: 380 | X82: 91 | Y82: 18 | Z82: 2
C83: F. | D83: - | E83: 239,209 | F83: 28,740 | G83: 27,286 | H83: 24,736 | I83: 22,682 | J83: 21,482 | K83: 18,581 | L83: 16,257 | M83: 13,761 | N83: 12,818 | O83: 10,803 | P83: 10,110 | Q83: 7,840 | R83: 8,143 | S83: 5,822 | T83: 4,790 | U83: 2,897 | V83: 1,604 | W83: 604 | X83: 197 | Y83: 45 | Z83: 11
A84: Staffordshire Poor Law/Registration County | B84: #VALUE! | C84: M. | D84: 630,545 | E84: 320,903 | F84: 45,028 | G84: 38,189 | H84: 36,298 | I84: 32,376 | J84: 30,978 | K84: 27,337 | L84: 22,972 | M84: 19,675 | N84: 17,004 | O84: 13,410 | P84: 11,379 | Q84: 8,267 | R84: 7,071 | S84: 4,511 | T84: 3,444 | U84: 1,726 | V84: 890 | W84: 280 | X84: 57 | Y84: 9 | Z84: 2
C85: F. | D85: - | E85: 309,642 | F85: 45,173 | G85: 38,383 | H85: 35,389 | I85: 30,107 | J85: 29,330 | K85: 25,220 | L85: 21,384 | M85: 17,889 | N85: 15,805 | O85: 12,449 | P85: 10,783 | Q85: 7,959 | R85: 7,295 | S85: 4,979 | T85: 3,835 | U85: 2,094 | V85: 1,089 | W85: 356 | X85: 103 | Y85: 19 | Z85: 1
A86: Suffolk Poor Law/Registration County | B86: #VALUE! | C86: M. | D86: 336,136 | E86: 165,701 | F86: 22,607 | G86: 20,470 | H86: 18,824 | I86: 16,550 | J86: 13,432 | K86: 11,628 | L86: 10,489 | M86: 9,194 | N86: 8,424 | O86: 7,463 | P86: 6,698 | Q86: 5,388 | R86: 5,081 | S86: 3,486 | T86: 2,823 | U86: 1,816 | V86: 922 | W86: 319 | X86: 66 | Y86: 20 | Z86: 1
C87: F. | D87: - | E87: 170,435 | F87: 22,533 | G87: 20,333 | H87: 18,279 | I87: 16,169 | J87: 14,989 | K87: 13,044 | L87: 11,373 | M87: 9,634 | N87: 8,524 | O87: 7,451 | P87: 6,786 | Q87: 5,427 | R87: 5,218 | S87: 3,786 | T87: 3,047 | U87: 2,070 | V87: 1,159 | W87: 459 | X87: 137 | Y87: 14 | Z87: 3
A88: Surrey Poor Law/Registration County | B88: #VALUE! | C88: M. | D88: 202,521 | E88: 100,412 | F88: 12,895 | G88: 12,186 | H88: 11,588 | I88: 9,807 | J88: 8,446 | K88: 7,494 | L88: 6,694 | M88: 5,983 | N88: 5,401 | O88: 4,600 | P88: 4,119 | Q88: 3,234 | R88: 2,893 | S88: 2,074 | T88: 1,526 | U88: 872 | V88: 424 | W88: 137 | X88: 31 | Y88: 7 | Z88: 1
C89: F. | D89: - | E89: 102,109 | F89: 12,887 | G89: 11,865 | H89: 10,950 | I89: 9,318 | J89: 9,121 | K89: 8,362 | L89: 7,244 | M89: 6,218 | N89: 5,527 | O89: 4,628 | P89: 4,263 | Q89: 3,183 | R89: 3,057 | S89: 2,126 | T89: 1,642 | U89: 971 | V89: 526 | W89: 172 | X89: 38 | Y89: 10 | Z89: 1
A90: Sussex Poor Law/Registration County | B90: #VALUE! | C90: M. | D90: 339,604 | E90: 167,189 | F90: 22,611 | G90: 21,001 | H90: 19,317 | I90: 16,362 | J90: 13,947 | K90: 12,174 | L90: 10,902 | M90: 9,445 | N90: 8,807 | O90: 7,512 | P90: 6,709 | Q90: 5,231 | R90: 4,627 | S90: 3,367 | T90: 2,601 | U90: 1,525 | V90: 768 | W90: 232 | X90: 43 | Y90: 6 | Z90: 2
C91: F. | D91: - | E91: 172,415 | F91: 22,038 | G91: 20,507 | H91: 18,677 | I91: 16,927 | J91: 15,697 | K91: 13,786 | L91: 11,983 | M91: 10,532 | N91: 9,265 | O91: 7,509 | P91: 6,961 | Q91: 5,192 | R91: 4,834 | S91: 3,360 | T91: 2,432 | U91: 1,537 | V91: 826 | W91: 277 | X91: 62 | Y91: 11 | Z91: 2
A92: Warwickshire Poor Law/Registration County | B92: #VALUE! | C92: M. | D92: 480,120 | E92: 235,859 | F92: 31,557 | G92: 27,179 | H92: 25,911 | I92: 23,496 | J92: 22,502 | K92: 19,474 | L92: 17,073 | M92: 14,601 | N92: 12,893 | O92: 10,689 | P92: 9,267 | Q92: 6,652 | R92: 5,780 | S92: 3,529 | T92: 2,794 | U92: 1,406 | V92: 743 | W92: 248 | X92: 54 | Y92: 10 | Z92: 1
C93: F. | D93: - | E93: 244,261 | F93: 31,600 | G93: 27,265 | H93: 26,064 | I93: 24,143 | J93: 24,172 | K93: 20,819 | L93: 17,883 | M93: 14,941 | N93: 13,070 | O93: 10,774 | P93: 9,389 | Q93: 7,123 | R93: 6,289 | S93: 4,126 | T93: 3,369 | U93: 1,912 | V93: 917 | W93: 315 | X93: 70 | Y93: 17 | Z93: 3
A94: Westmorland Poor Law/Registration County | B94: #VALUE! | C94: M. | D94: 58,387 | E94: 29,134 | F94: 3,870 | G94: 3,369 | H94: 3,206 | I94: 2,969 | J94: 2,412 | K94: 2,140 | L94: 1,923 | M94: 1,681 | N94: 1,482 | O94: 1,338 | P94: 1,175 | Q94: 1,013 | R94: 836 | S94: 623 | T94: 545 | U94: 319 | V94: 159 | W94: 60 | X94: 10 | Y94: 4 | Z94: 0
C95: F. | D95: - | E95: 29,253 | F95: 3,709 | G95: 3,317 | H95: 3,215 | I95: 2,970 | J95: 2,625 | K95: 2,200 | L95: 1,873 | M95: 1,653 | N95: 1,492 | O95: 1,308 | P95: 1,171 | Q95: 958 | R95: 868 | S95: 701 | T95: 542 | U95: 353 | V95: 185 | W95: 89 | X95: 20 | Y95: 4 | Z95: 0
A96: West Riding Poor Law/Registration County | B96: #VALUE! | C96: M. | D96: 1,340,051 | E96: 666,912 | F96: 90,236 | G96: 79,256 | H96: 76,316 | I96: 68,811 | J96: 63,053 | K96: 55,460 | L96: 46,966 | M96: 41,249 | N96: 34,577 | O96: 29,227 | P96: 24,740 | Q96: 18,293 | R96: 15,279 | S96: 10,297 | T96: 7,110 | U96: 3,737 | V96: 1,653 | W96: 550 | X96: 88 | Y96: 14 | Z96: 0
C97: F. | D97: - | E97: 673,139 | F97: 90,333 | G97: 79,162 | H97: 74,875 | I97: 68,948 | J97: 65,228 | K97: 57,421 | L97: 47,360 | M97: 39,912 | N97: 34,514 | O97: 28,935 | P97: 24,733 | Q97: 18,819 | R97: 16,190 | S97: 11,307 | T97: 7,985 | U97: 4,427 | V97: 2,159 | W97: 658 | X97: 142 | Y97: 29 | Z97: 2
A98: Wiltshire Poor Law/Registration County | B98: #VALUE! | C98: M. | D98: 240,966 | E98: 118,959 | F98: 15,821 | G98: 14,712 | H98: 13,710 | I98: 12,667 | J98: 9,648 | K98: 8,126 | L98: 7,359 | M98: 6,394 | N98: 6,025 | O98: 5,266 | P98: 5,011 | Q98: 3,907 | R98: 3,591 | S98: 2,535 | T98: 2,152 | U98: 1,172 | V98: 614 | W98: 209 | X98: 34 | Y98: 4 | Z98: 2
C99: F. | D99: - | E99: 122,007 | F99: 15,461 | G99: 14,528 | H99: 13,091 | I99: 11,731 | J99: 10,376 | K99: 9,278 | L99: 7,842 | M99: 6,815 | N99: 6,292 | O99: 5,511 | P99: 5,152 | Q99: 4,145 | R99: 3,986 | S99: 2,943 | T99: 2,462 | U99: 1,380 | V99: 695 | W99: 248 | X99: 58 | Y99: 12 | Z99: 1
A100: Worcestershire Poor Law/Registration County | B100: #VALUE! | C100: M. | D100: 258,733 | E100: 127,038 | F100: 17,169 | G100: 15,249 | H100: 14,258 | I100: 12,215 | J100: 11,027 | K100: 9,696 | L100: 8,595 | M100: 7,630 | N100: 6,995 | O100: 5,840 | P100: 5,186 | Q100: 3,837 | R100: 3,410 | S100: 2,266 | T100: 1,844 | U100: 1,122 | V100: 484 | W100: 171 | X100: 38 | Y100: 5 | Z100: 1
C101: F. | D101: - | E101: 131,695 | F101: 17,044 | G101: 15,193 | H101: 13,974 | I101: 12,764 | J101: 12,548 | K101: 10,663 | L101: 8,934 | M101: 7,787 | N101: 6,876 | O101: 5,907 | P101: 5,203 | Q101: 4,007 | R101: 3,661 | S101: 2,565 | T101: 2,205 | U101: 1,297 | V101: 704 | W101: 276 | X101: 71 | Y101: 11 | Z101: 5

Sheet clean
C1: Under | D1: 5-- | E1: 10-- | F1: 15-- | G1: 20-- | H1: 25-- | I1: 30-- | J1: 35-- | K1: 40-- | L1: 45-- | M1: 50-- | N1: 55-- | O1: 60-- | P1: 65-- | Q1: 70-- | R1: 75-- | S1: 80-- | T1: 85-- | U1: 90-- | V1: 95-- | W1: 100 and upwds
C2: 5 Years. | D2: [4] | E2: [5] | F2: [6] | G2: [7] | H2: [8] | I2: [9] | J2: [10] | K2: [11] | L2: [12] | M2: [13] | N2: [14] | O2: [15] | P2: [16] | Q2: [17] | R2: [18] | S2: [19] | T2: [20] | U2: [21] | V2: [22] | W2: [23]
C3: [3]
C5: 5 | D5: =C5+5 -> 10 | E5: =D5+5 -> 15 | F5: =E5+5 -> 20 | G5: =F5+5 -> 25 | H5: =G5+5 -> 30 | I5: =H5+5 -> 35 | J5: =I5+5 -> 40 | K5: =J5+5 -> 45 | ... V5: =U5+5 -> 100 | W5: 100
A6: where | B6: sex | C6: ="t_"&C5 -> t_5 | D6: ="t_"&D5 -> t_10 | E6: ="t_"&E5 -> t_15 | F6: ="t_"&F5 -> t_20 | G6: ="t_"&G5 -> t_25 | H6: ="t_"&H5 -> t_30 | I6: ="t_"&I5 -> t_35 | J6: ="t_"&J5 -> t_40 | ... V6: ="t_"&V5 -> t_100 | W6: ="t_"&W5&"_plus" -> t_100_plus
A7: London Poor Law/Registration County | B7: M. | C7: =original!F62 -> 146,449 | D7: =original!G62 -> 121,254 | E7: =original!H62 -> 107,231 | F7: =original!I62 -> 99,079 | G7: =original!J62 -> 108,081 | H7: =original!K62 -> 101,886 | I7: =original!L62 -> 93,308 | J7: =original!M62 -> 77,028 | ... W7: =original!Z62 -> 10
A8: London Poor Law/Registration County | B8: F. | C8: =original!F63 -> 147,113 | D8: =original!G63 -> 122,394 | E8: =original!H63 -> 109,138 | F8: =original!I63 -> 114,615 | G8: =original!J63 -> 133,320 | H8: =original!K63 -> 124,746 | I8: =original!L63 -> 108,183 | J8: =original!M63 -> 87,560 | ... W8: =original!Z63 -> 17
